<?xml version="1.0" standalone="yes"?>
<EmoticonSet>
    <name>rabbit</name>
    <line>2</line>
    <row>4</row>
    <iconUri>tsj_07.png</iconUri>
    <isShowDelBtn>0</isShowDelBtn>

    <EmoticonBeans>

        <EmoticonBean>
            <eventType>2</eventType>
            <iconUri>tsj_00.png</iconUri>
            <content></content>
        </EmoticonBean>
        <EmoticonBean>
            <eventType>2</eventType>
            <iconUri>tsj_01.png</iconUri>
            <content></content>
        </EmoticonBean>
        <EmoticonBean>
            <eventType>2</eventType>
            <iconUri>tsj_02.png</iconUri>
            <content></content>
        </EmoticonBean>
        <EmoticonBean>
            <eventType>2</eventType>
            <iconUri>tsj_03.png</iconUri>
            <content></content>
        </EmoticonBean>
        <EmoticonBean>
            <eventType>2</eventType>
            <iconUri>tsj_04.png</iconUri>
            <content></content>
        </EmoticonBean>
        <EmoticonBean>
            <eventType>2</eventType>
            <iconUri>tsj_05.png</iconUri>
            <content></content>
        </EmoticonBean>
        <EmoticonBean>
            <eventType>2</eventType>
            <iconUri>tsj_06.png</iconUri>
            <content></content>
        </EmoticonBean>
        <EmoticonBean>
            <eventType>2</eventType>
            <iconUri>tsj_07.png</iconUri>
            <content></content>
        </EmoticonBean>
        <EmoticonBean>
            <eventType>2</eventType>
            <iconUri>tsj_08.png</iconUri>
            <content></content>
        </EmoticonBean>
        <EmoticonBean>
            <eventType>2</eventType>
            <iconUri>tsj_09.png</iconUri>
            <content></content>
        </EmoticonBean>
        <EmoticonBean>
            <eventType>2</eventType>
            <iconUri>tsj_10.png</iconUri>
            <content></content>
        </EmoticonBean>
        <EmoticonBean>
            <eventType>2</eventType>
            <iconUri>tsj_11.png</iconUri>
            <content></content>
        </EmoticonBean>
        <EmoticonBean>
            <eventType>2</eventType>
            <iconUri>tsj_12.png</iconUri>
            <content></content>
        </EmoticonBean>
        <EmoticonBean>
            <eventType>2</eventType>
            <iconUri>tsj_13.png</iconUri>
            <content></content>
        </EmoticonBean>
        <EmoticonBean>
            <eventType>2</eventType>
            <iconUri>tsj_14.png</iconUri>
            <content></content>
        </EmoticonBean>
        <EmoticonBean>
            <eventType>2</eventType>
            <iconUri>tsj_15.png</iconUri>
            <content></content>
        </EmoticonBean>

    </EmoticonBeans>
</EmoticonSet>
