<?xml version="1.0" standalone="yes"?>
<EmoticonSet>
    <name>big_rabbit</name>
    <line>2</line>
    <row>4</row>
    <iconUri>lt002.png</iconUri>
    <isShowDelBtn>0</isShowDelBtn>

    <EmoticonBeans>

        <EmoticonBean>
            <eventType>2</eventType>
            <iconUri>lt001.png</iconUri>
            <content></content>
        </EmoticonBean>
        <EmoticonBean>
            <eventType>2</eventType>
            <iconUri>lt002.png</iconUri>
            <content></content>
        </EmoticonBean>
        <EmoticonBean>
            <eventType>2</eventType>
            <iconUri>lt003.png</iconUri>
            <content></content>
        </EmoticonBean>
        <EmoticonBean>
            <eventType>2</eventType>
            <iconUri>lt004.png</iconUri>
            <content></content>
        </EmoticonBean>
        <EmoticonBean>
            <eventType>2</eventType>
            <iconUri>lt005.png</iconUri>
            <content></content>
        </EmoticonBean>
        <EmoticonBean>
            <eventType>2</eventType>
            <iconUri>lt006.png</iconUri>
            <content></content>
        </EmoticonBean>
        <EmoticonBean>
            <eventType>2</eventType>
            <iconUri>lt007.png</iconUri>
            <content></content>
        </EmoticonBean>
        <EmoticonBean>
            <eventType>2</eventType>
            <iconUri>lt008.png</iconUri>
            <content></content>
        </EmoticonBean>
        <EmoticonBean>
            <eventType>2</eventType>
            <iconUri>lt009.png</iconUri>
            <content></content>
        </EmoticonBean>
        <EmoticonBean>
            <eventType>2</eventType>
            <iconUri>lt010.png</iconUri>
            <content></content>
        </EmoticonBean>

        <EmoticonBean>
            <eventType>2</eventType>
            <iconUri>lt011.png</iconUri>
            <content></content>
        </EmoticonBean>
        <EmoticonBean>
            <eventType>2</eventType>
            <iconUri>lt012.png</iconUri>
            <content></content>
        </EmoticonBean>
        <EmoticonBean>
            <eventType>2</eventType>
            <iconUri>lt013.png</iconUri>
            <content></content>
        </EmoticonBean>
        <EmoticonBean>
            <eventType>2</eventType>
            <iconUri>lt014.png</iconUri>
            <content></content>
        </EmoticonBean>
        <EmoticonBean>
            <eventType>2</eventType>
            <iconUri>lt015.png</iconUri>
            <content></content>
        </EmoticonBean>
        <EmoticonBean>
            <eventType>2</eventType>
            <iconUri>lt016.png</iconUri>
            <content></content>
        </EmoticonBean>
        <EmoticonBean>
            <eventType>2</eventType>
            <iconUri>lt017.png</iconUri>
            <content></content>
        </EmoticonBean>
        <EmoticonBean>
            <eventType>2</eventType>
            <iconUri>lt018.png</iconUri>
            <content></content>
        </EmoticonBean>
        <EmoticonBean>
            <eventType>2</eventType>
            <iconUri>lt019.png</iconUri>
            <content></content>
        </EmoticonBean>
        <EmoticonBean>
            <eventType>2</eventType>
            <iconUri>lt020.png</iconUri>
            <content></content>
        </EmoticonBean>

    </EmoticonBeans>
</EmoticonSet>
