<?xml version="1.0" standalone="yes"?>
<EmoticonSet>
    <name>rabbit</name>
    <line>2</line>
    <row>4</row>
    <iconUri>tsj.png</iconUri>
    <isShowDelBtn>0</isShowDelBtn>

    <EmoticonBeans>

        <EmoticonBean>
            <eventType>2</eventType>
            <iconUri>tsj_00.gif</iconUri>
            <content></content>
        </EmoticonBean>
        <EmoticonBean>
            <eventType>2</eventType>
            <iconUri>tsj_01.gif</iconUri>
            <content></content>
        </EmoticonBean>
        <EmoticonBean>
            <eventType>2</eventType>
            <iconUri>tsj_02.gif</iconUri>
            <content></content>
        </EmoticonBean>
        <EmoticonBean>
            <eventType>2</eventType>
            <iconUri>tsj_03.gif</iconUri>
            <content></content>
        </EmoticonBean>
        <EmoticonBean>
            <eventType>2</eventType>
            <iconUri>tsj_04.gif</iconUri>
            <content></content>
        </EmoticonBean>
        <EmoticonBean>
            <eventType>2</eventType>
            <iconUri>tsj_05.gif</iconUri>
            <content></content>
        </EmoticonBean>
        <EmoticonBean>
            <eventType>2</eventType>
            <iconUri>tsj_06.gif</iconUri>
            <content></content>
        </EmoticonBean>
        <EmoticonBean>
            <eventType>2</eventType>
            <iconUri>tsj_07.gif</iconUri>
            <content></content>
        </EmoticonBean>
        <EmoticonBean>
            <eventType>2</eventType>
            <iconUri>tsj_08.gif</iconUri>
            <content></content>
        </EmoticonBean>
        <EmoticonBean>
            <eventType>2</eventType>
            <iconUri>tsj_09.gif</iconUri>
            <content></content>
        </EmoticonBean>
        <EmoticonBean>
            <eventType>2</eventType>
            <iconUri>tsj_10.gif</iconUri>
            <content></content>
        </EmoticonBean>
        <EmoticonBean>
            <eventType>2</eventType>
            <iconUri>tsj_11.gif</iconUri>
            <content></content>
        </EmoticonBean>
        <EmoticonBean>
            <eventType>2</eventType>
            <iconUri>tsj_12.gif</iconUri>
            <content></content>
        </EmoticonBean>
        <EmoticonBean>
            <eventType>2</eventType>
            <iconUri>tsj_13.gif</iconUri>
            <content></content>
        </EmoticonBean>
        <EmoticonBean>
            <eventType>2</eventType>
            <iconUri>tsj_14.gif</iconUri>
            <content></content>
        </EmoticonBean>
        <EmoticonBean>
            <eventType>2</eventType>
            <iconUri>tsj_15.gif</iconUri>
            <content></content>
        </EmoticonBean>

    </EmoticonBeans>
</EmoticonSet>
