<?xml version="1.0" standalone="yes"?>
<EmoticonSet>
    <name>jiguang_emotions</name>
    <line>3</line>
    <row>7</row>
    <iconUri>00.png</iconUri>
    <isShowDelBtn>2</isShowDelBtn>

    <EmoticonBeans>

        <EmoticonBean>
            <eventType>2</eventType>
            <iconUri>00.png</iconUri>
            <content>[!微笑!]</content>
        </EmoticonBean>
        <EmoticonBean>
            <eventType>2</eventType>
            <iconUri>01.png</iconUri>
            <content>[!悲伤!]</content>
        </EmoticonBean>
        <EmoticonBean>
            <eventType>2</eventType> 
            <iconUri>02.png</iconUri>
            <content>[!高兴!]</content>
        </EmoticonBean> 
        <EmoticonBean>
            <eventType>2</eventType> 
            <iconUri>03.png</iconUri>
            <content>[!白牙!]</content>
        </EmoticonBean> 
        <EmoticonBean>
            <eventType>2</eventType> 
            <iconUri>04.png</iconUri>
            <content>[!吐舌!]</content>
        </EmoticonBean> 
        <EmoticonBean>
            <eventType>2</eventType> 
            <iconUri>05.png</iconUri>
            <content>[!汗!]</content>
        </EmoticonBean> 
        <EmoticonBean>
            <eventType>2</eventType> 
            <iconUri>06.png</iconUri>
            <content>[!偷笑!]</content>
        </EmoticonBean> 
        <EmoticonBean>
            <eventType>2</eventType> 
            <iconUri>07.png</iconUri>
            <content>[!拜拜!]</content>
        </EmoticonBean> 
        <EmoticonBean>
            <eventType>2</eventType> 
            <iconUri>08.png</iconUri>
            <content>[!敲打!]</content>
        </EmoticonBean> 
        <EmoticonBean>
            <eventType>2</eventType> 
            <iconUri>09.png</iconUri>
            <content>[!汗颜!]</content>
        </EmoticonBean>

        <EmoticonBean>
            <eventType>2</eventType> 
            <iconUri>10.png</iconUri>
            <content>[!大哭!]</content>
        </EmoticonBean> 
        <EmoticonBean>
            <eventType>2</eventType> 
            <iconUri>11.png</iconUri>
            <content>[!哭!]</content>
        </EmoticonBean> 
        <EmoticonBean>
            <eventType>2</eventType> 
            <iconUri>12.png</iconUri>
            <content>[!嘘!]</content>
        </EmoticonBean> 
        <EmoticonBean>
            <eventType>2</eventType> 
            <iconUri>13.png</iconUri>
            <content>[!酷!]</content>
        </EmoticonBean> 
        <EmoticonBean>
            <eventType>2</eventType> 
            <iconUri>14.png</iconUri>
            <content>[!愤怒!]</content>
        </EmoticonBean>  
        <EmoticonBean>
            <eventType>2</eventType> 
            <iconUri>15.png</iconUri>
            <content>[!色!]</content>
        </EmoticonBean> 
        <EmoticonBean>
            <eventType>2</eventType> 
            <iconUri>16.png</iconUri>
            <content>[!害羞!]</content>
        </EmoticonBean> 
        <EmoticonBean>
            <eventType>2</eventType> 
            <iconUri>17.png</iconUri>
            <content>[!眼镜!]</content>
        </EmoticonBean>
        <EmoticonBean>
            <eventType>2</eventType>
            <iconUri>18.png</iconUri>
            <content>[!大兵!]</content>
        </EmoticonBean>
        <EmoticonBean>
            <eventType>2</eventType>
            <iconUri>19.png</iconUri>
            <content>[!汗颜颜!]</content>
        </EmoticonBean>


        <EmoticonBean>
            <eventType>2</eventType>
            <iconUri>20.png</iconUri>
            <content>[!惊恐!]</content>
        </EmoticonBean>
        <EmoticonBean>
            <eventType>2</eventType>
            <iconUri>21.png</iconUri>
            <content>[!呕吐!]</content>
        </EmoticonBean>
        <EmoticonBean>
            <eventType>2</eventType>
            <iconUri>22.png</iconUri>
            <content>[!流汗!]</content>
        </EmoticonBean>
        <EmoticonBean>
            <eventType>2</eventType>
            <iconUri>23.png</iconUri>
            <content>[!白眼!]</content>
        </EmoticonBean>
        <EmoticonBean>
            <eventType>2</eventType>
            <iconUri>24.png</iconUri>
            <content>[!鄙视!]</content>
        </EmoticonBean>
        <EmoticonBean>
            <eventType>2</eventType>
            <iconUri>25.png</iconUri>
            <content>[!惊讶!]</content>
        </EmoticonBean>
        <EmoticonBean>
            <eventType>2</eventType>
            <iconUri>26.png</iconUri>
            <content>[!问号!]</content>
        </EmoticonBean>
        <EmoticonBean>
            <eventType>2</eventType>
            <iconUri>27.png</iconUri>
            <content>[!睡觉!]</content>
        </EmoticonBean>
        <EmoticonBean>
            <eventType>2</eventType>
            <iconUri>28.png</iconUri>
            <content>[!囧!]</content>
        </EmoticonBean>
        <EmoticonBean>
            <eventType>2</eventType>
            <iconUri>29.png</iconUri>
            <content>[!鼻涕!]</content>
        </EmoticonBean>
        <EmoticonBean>
            <eventType>2</eventType>
            <iconUri>30.png</iconUri>
            <content>[!晕!]</content>
        </EmoticonBean>

        <EmoticonBean>
            <eventType>2</eventType>
            <iconUri>31.png</iconUri>
            <content>[!调皮!]</content>
        </EmoticonBean>
        <EmoticonBean>
            <eventType>2</eventType>
            <iconUri>32.png</iconUri>
            <content>[!困!]</content>
        </EmoticonBean>
        <EmoticonBean>
            <eventType>2</eventType>
            <iconUri>33.png</iconUri>
            <content>[!咒骂!]</content>
        </EmoticonBean>
        <EmoticonBean>
            <eventType>2</eventType>
            <iconUri>34.png</iconUri>
            <content>[!摔打!]</content>
        </EmoticonBean>
        <EmoticonBean>
            <eventType>2</eventType>
            <iconUri>35.png</iconUri>
            <content>[!心!]</content>
        </EmoticonBean>
        <EmoticonBean>
            <eventType>2</eventType>
            <iconUri>36.png</iconUri>
            <content>[!左哼哼!]</content>
        </EmoticonBean>
        <EmoticonBean>
            <eventType>2</eventType>
            <iconUri>37.png</iconUri>
            <content>[!闭嘴!]</content>
        </EmoticonBean>
        <EmoticonBean>
            <eventType>2</eventType>
            <iconUri>38.png</iconUri>
            <content>[!糗大了!]</content>
        </EmoticonBean>
        <EmoticonBean>
            <eventType>2</eventType>
            <iconUri>39.png</iconUri>
            <content>[!上火!]</content>
        </EmoticonBean>

        <EmoticonBean>
            <eventType>2</eventType>
            <iconUri>40.png</iconUri>
            <content>[!骷髅!]</content>
        </EmoticonBean>
        <EmoticonBean>
            <eventType>2</eventType>
            <iconUri>41.png</iconUri>
            <content>[!推荐!]</content>
        </EmoticonBean>

    </EmoticonBeans>
</EmoticonSet>
