<?xml version="1.0" standalone="yes"?>
<EmoticonSet>
    <name>goodgoodstudy</name>
    <line>2</line>
    <row>4</row>
    <iconUri>01.png</iconUri>
    <isShowDelBtn></isShowDelBtn> 
    <EmoticonBeans>
        <EmoticonBean>
            <eventType>2</eventType>
            <iconUri>01.png</iconUri>
            <content>呆萌</content>
        </EmoticonBean>
        <EmoticonBean>
            <eventType>2</eventType> 
            <iconUri>02.png</iconUri>
            <content>卡哇伊</content>
        </EmoticonBean> 
        <EmoticonBean>
            <eventType>2</eventType> 
            <iconUri>03.png</iconUri>
            <content>笑哭</content>
        </EmoticonBean> 
        <EmoticonBean>
            <eventType>2</eventType> 
            <iconUri>04.png</iconUri>
            <content>羞哒哒</content>
        </EmoticonBean> 
        <EmoticonBean>
            <eventType>2</eventType> 
            <iconUri>05.png</iconUri>
            <content>闪瞎</content>
        </EmoticonBean> 
        <EmoticonBean>
            <eventType>2</eventType> 
            <iconUri>06.png</iconUri>
            <content>什么情况</content>
        </EmoticonBean> 
        <EmoticonBean>
            <eventType>2</eventType> 
            <iconUri>07.png</iconUri>
            <content>怒气冲天</content>
        </EmoticonBean> 
        <EmoticonBean>
            <eventType>2</eventType> 
            <iconUri>08.png</iconUri>
            <content>吓屁了</content>
        </EmoticonBean> 
        <EmoticonBean>
            <eventType>2</eventType> 
            <iconUri>09.png</iconUri>
            <content>额~尴尬了</content>
        </EmoticonBean> 
        <EmoticonBean>
            <eventType>2</eventType> 
            <iconUri>10.png</iconUri>
            <content>哭泣</content>
        </EmoticonBean> 
        <EmoticonBean>
            <eventType>2</eventType> 
            <iconUri>11.png</iconUri>
            <content>流汗</content>
        </EmoticonBean> 
        <EmoticonBean>
            <eventType>2</eventType> 
            <iconUri>12.png</iconUri>
            <content>懵逼了</content>
        </EmoticonBean> 
        <EmoticonBean>
            <eventType>2</eventType> 
            <iconUri>13.png</iconUri>
            <content>笑死</content>
        </EmoticonBean> 
        <EmoticonBean>
            <eventType>2</eventType> 
            <iconUri>14.png</iconUri>
            <content>约会周公</content>
        </EmoticonBean>  
        <EmoticonBean>
            <eventType>2</eventType> 
            <iconUri>15.png</iconUri>
            <content>哼哼哈嘿</content>
        </EmoticonBean> 
        <EmoticonBean>
            <eventType>2</eventType> 
            <iconUri>16.png</iconUri>
            <content>我是老大</content>
        </EmoticonBean> 
        <EmoticonBean>
            <eventType>2</eventType> 
            <iconUri>17.png</iconUri>
            <content>嘴儿一个</content>
        </EmoticonBean>
        <EmoticonBean>
            <eventType>2</eventType>
            <iconUri>18.png</iconUri>
            <content>看我大白眼</content>
        </EmoticonBean>
        <EmoticonBean>
            <eventType>2</eventType>
            <iconUri>19.png</iconUri>
            <content>邪恶</content>
        </EmoticonBean>
        <EmoticonBean>
            <eventType>2</eventType>
            <iconUri>20.png</iconUri>
            <content>32个赞</content>
        </EmoticonBean>
        <EmoticonBean>
            <eventType>2</eventType>
            <iconUri>21.png</iconUri>
            <content>拜拜了您的</content>
        </EmoticonBean>
        <EmoticonBean>
            <eventType>2</eventType>
            <iconUri>22.png</iconUri>
            <content>哇~红包</content>
        </EmoticonBean>
        <EmoticonBean>
            <eventType>2</eventType>
            <iconUri>23.png</iconUri>
            <content>冻人不美丽</content>
        </EmoticonBean>
        <EmoticonBean>
            <eventType>2</eventType>
            <iconUri>24.png</iconUri>
            <content>呆若母鸡</content>
        </EmoticonBean>
    </EmoticonBeans>
</EmoticonSet>
