<?xml version="1.0" standalone="yes"?>
<EmoticonSet>
    <name>chicken_emotions</name>
    <line>2</line>
    <row>4</row>
    <iconUri>ajmd003.png</iconUri>
    <isShowDelBtn>0</isShowDelBtn>

    <EmoticonBeans>
        <EmoticonBean>
            <eventType>2</eventType>
            <iconUri>ajmd001.png</iconUri>
            <content></content>
        </EmoticonBean>
        <EmoticonBean>
            <eventType>2</eventType>
            <iconUri>ajmd002.png</iconUri>
            <content></content>
        </EmoticonBean>
        <EmoticonBean>
            <eventType>2</eventType>
            <iconUri>ajmd003.png</iconUri>
            <content></content>
        </EmoticonBean>
        <EmoticonBean>
            <eventType>2</eventType>
            <iconUri>ajmd004.png</iconUri>
            <content></content>
        </EmoticonBean>
        <EmoticonBean>
            <eventType>2</eventType>
            <iconUri>ajmd005.png</iconUri>
            <content></content>
        </EmoticonBean>
        <EmoticonBean>
            <eventType>2</eventType>
            <iconUri>ajmd006.png</iconUri>
            <content></content>
        </EmoticonBean>
        <EmoticonBean>
            <eventType>2</eventType>
            <iconUri>ajmd007.png</iconUri>
            <content></content>
        </EmoticonBean>
        <EmoticonBean>
            <eventType>2</eventType>
            <iconUri>ajmd008.png</iconUri>
            <content></content>
        </EmoticonBean>
        <EmoticonBean>
            <eventType>2</eventType>
            <iconUri>ajmd009.png</iconUri>
            <content></content>
        </EmoticonBean>
        <EmoticonBean>
            <eventType>2</eventType>
            <iconUri>ajmd010.png</iconUri>
            <content></content>
        </EmoticonBean>

        <EmoticonBean>
            <eventType>2</eventType>
            <iconUri>ajmd011.png</iconUri>
            <content></content>
        </EmoticonBean>
        <EmoticonBean>
            <eventType>2</eventType>
            <iconUri>ajmd012.png</iconUri>
            <content></content>
        </EmoticonBean>
        <EmoticonBean>
            <eventType>2</eventType>
            <iconUri>ajmd013.png</iconUri>
            <content></content>
        </EmoticonBean>
        <EmoticonBean>
            <eventType>2</eventType>
            <iconUri>ajmd014.png</iconUri>
            <content></content>
        </EmoticonBean>
        <EmoticonBean>
            <eventType>2</eventType>
            <iconUri>ajmd015.png</iconUri>
            <content></content>
        </EmoticonBean>
        <EmoticonBean>
            <eventType>2</eventType>
            <iconUri>ajmd016.png</iconUri>
            <content></content>
        </EmoticonBean>
        <EmoticonBean>
            <eventType>2</eventType>
            <iconUri>ajmd017.png</iconUri>
            <content></content>
        </EmoticonBean>
        <EmoticonBean>
            <eventType>2</eventType>
            <iconUri>ajmd018.png</iconUri>
            <content></content>
        </EmoticonBean>
        <EmoticonBean>
            <eventType>2</eventType>
            <iconUri>ajmd019.png</iconUri>
            <content></content>
        </EmoticonBean>
        <EmoticonBean>
            <eventType>2</eventType>
            <iconUri>ajmd020.png</iconUri>
            <content></content>
        </EmoticonBean>


        <EmoticonBean>
            <eventType>2</eventType>
            <iconUri>ajmd021.png</iconUri>
            <content></content>
        </EmoticonBean>
        <EmoticonBean>
            <eventType>2</eventType>
            <iconUri>ajmd022.png</iconUri>
            <content></content>
        </EmoticonBean>
        <EmoticonBean>
            <eventType>2</eventType>
            <iconUri>ajmd023.png</iconUri>
            <content></content>
        </EmoticonBean>
        <EmoticonBean>
            <eventType>2</eventType>
            <iconUri>ajmd024.png</iconUri>
            <content></content>
        </EmoticonBean>
        <EmoticonBean>
            <eventType>2</eventType>
            <iconUri>ajmd025.png</iconUri>
            <content></content>
        </EmoticonBean>
        <EmoticonBean>
            <eventType>2</eventType>
            <iconUri>ajmd026.png</iconUri>
            <content></content>
        </EmoticonBean>
        <EmoticonBean>
            <eventType>2</eventType>
            <iconUri>ajmd027.png</iconUri>
            <content></content>
        </EmoticonBean>
        <EmoticonBean>
            <eventType>2</eventType>
            <iconUri>ajmd028.png</iconUri>
            <content></content>
        </EmoticonBean>
        <EmoticonBean>
            <eventType>2</eventType>
            <iconUri>ajmd029.png</iconUri>
            <content></content>
        </EmoticonBean>
        <EmoticonBean>
            <eventType>2</eventType>
            <iconUri>ajmd030.png</iconUri>
            <content></content>
        </EmoticonBean>
        <EmoticonBean>
            <eventType>2</eventType>
            <iconUri>ajmd031.png</iconUri>
            <content></content>
        </EmoticonBean>

        <EmoticonBean>
            <eventType>2</eventType>
            <iconUri>ajmd032.png</iconUri>
            <content></content>
        </EmoticonBean>
        <EmoticonBean>
            <eventType>2</eventType>
            <iconUri>ajmd033.png</iconUri>
            <content></content>
        </EmoticonBean>
        <EmoticonBean>
            <eventType>2</eventType>
            <iconUri>ajmd034.png</iconUri>
            <content></content>
        </EmoticonBean>
		
        <EmoticonBean>
            <eventType>2</eventType>
            <iconUri>ajmd035.png</iconUri>
            <content></content>
        </EmoticonBean>
		
        <EmoticonBean>
            <eventType>2</eventType>
            <iconUri>ajmd036.png</iconUri>
            <content></content>
        </EmoticonBean>
        <EmoticonBean>
            <eventType>2</eventType>
            <iconUri>ajmd037.png</iconUri>
            <content></content>
        </EmoticonBean>
        <EmoticonBean>
            <eventType>2</eventType>
            <iconUri>ajmd038.png</iconUri>
            <content></content>
        </EmoticonBean>
        <EmoticonBean>
            <eventType>2</eventType>
            <iconUri>ajmd039.png</iconUri>
            <content></content>
        </EmoticonBean>
        <EmoticonBean>
            <eventType>2</eventType>
            <iconUri>ajmd040.png</iconUri>
            <content></content>
        </EmoticonBean>

        <EmoticonBean>
            <eventType>2</eventType>
            <iconUri>ajmd041.png</iconUri>
            <content></content>
        </EmoticonBean>
        <EmoticonBean>
            <eventType>2</eventType>
            <iconUri>ajmd042.png</iconUri>
            <content></content>
        </EmoticonBean>
        <EmoticonBean>
            <eventType>2</eventType>
            <iconUri>ajmd043.png</iconUri>
            <content></content>
        </EmoticonBean>
        <EmoticonBean>
            <eventType>2</eventType>
            <iconUri>ajmd044.png</iconUri>
            <content></content>
        </EmoticonBean>
        <EmoticonBean>
            <eventType>2</eventType>
            <iconUri>ajmd045.png</iconUri>
            <content></content>
        </EmoticonBean>
        <EmoticonBean>
            <eventType>2</eventType>
            <iconUri>ajmd046.png</iconUri>
            <content></content>
        </EmoticonBean>
        <EmoticonBean>
            <eventType>2</eventType>
            <iconUri>ajmd047.png</iconUri>
            <content></content>
        </EmoticonBean>
        <EmoticonBean>
            <eventType>2</eventType>
            <iconUri>ajmd048.png</iconUri>
            <content></content>
        </EmoticonBean>

    </EmoticonBeans>
</EmoticonSet>
