<?xml version="1.0" standalone="yes"?>
<EmoticonSet>
    <name>wx_emotions</name>
    <line>3</line>
    <row>7</row>
    <iconUri>emoji_00.png</iconUri>
    <isShowDelBtn>2</isShowDelBtn>

    <!--<Emoticon File="emoji_01.png" ID="emoticon_emoji_00" Tag="[微笑]"/>-->
    <!--<Emoticon File="emoji_00.png" ID="emoticon_emoji_01" Tag="[撇嘴]"/>-->
    <!--<Emoticon File="emoji_02.png" ID="emoticon_emoji_02" Tag="[色]"/>-->
    <!--<Emoticon File="emoji_03.png" ID="emoticon_emoji_03" Tag="[发呆]"/>-->
    <!--<Emoticon File="emoji_04.png" ID="emoticon_emoji_04" Tag="[得意]"/>-->
    <!--<Emoticon File="emoji_05.png" ID="emoticon_emoji_05" Tag="[流泪]"/>-->
    <!--<Emoticon File="emoji_06.png" ID="emoticon_emoji_06" Tag="[害羞]"/>-->
    <!--<Emoticon File="emoji_07.png" ID="emoticon_emoji_07" Tag="[闭嘴]"/>-->
    <!--<Emoticon File="emoji_08.png" ID="emoticon_emoji_08" Tag="[睡]"/>-->
    <!--<Emoticon File="emoji_09.png" ID="emoticon_emoji_09" Tag="[大哭]"/>-->
    <!--<Emoticon File="emoji_10.png" ID="emoticon_emoji_10" Tag="[尴尬]"/>-->

    <EmoticonBeans>
        
        <EmoticonBean>
            <eventType>2</eventType>
            <iconUri>emoji_00.png</iconUri>
            <content>微笑</content>
        </EmoticonBean>
		<EmoticonBean>
            <eventType>2</eventType>
            <iconUri>emoji_01.png</iconUri>
            <content>撇嘴</content>
        </EmoticonBean>
        <EmoticonBean>
            <eventType>2</eventType>
            <iconUri>emoji_02.png</iconUri>
            <content>色</content>
        </EmoticonBean>
        <EmoticonBean>
            <eventType>2</eventType>
            <iconUri>emoji_03.png</iconUri>
            <content>发呆</content>
        </EmoticonBean>

        <EmoticonBean>
            <eventType>2</eventType>
            <iconUri>emoji_04.png</iconUri>
            <content>得意</content>
        </EmoticonBean>
        <EmoticonBean>
            <eventType>2</eventType>
            <iconUri>emoji_05.png</iconUri>
            <content>流泪</content>
        </EmoticonBean>
        <EmoticonBean>
            <eventType>2</eventType>
            <iconUri>emoji_06.png</iconUri>
            <content>害羞</content>
        </EmoticonBean>
        <EmoticonBean>
            <eventType>2</eventType>
            <iconUri>emoji_07.png</iconUri>
            <content>闭嘴</content>
        </EmoticonBean>
        <EmoticonBean>
            <eventType>2</eventType>
            <iconUri>emoji_08.png</iconUri>
            <content>睡</content>
        </EmoticonBean>
        <EmoticonBean>
            <eventType>2</eventType>
            <iconUri>emoji_09.png</iconUri>
            <content>大哭</content>
        </EmoticonBean>
        <EmoticonBean>
            <eventType>2</eventType>
            <iconUri>emoji_10.png</iconUri>
            <content>尴尬</content>
        </EmoticonBean>

        <!--<Emoticon File="emoji_11.png" ID="emoticon_emoji_11" Tag="[发怒]"/>-->
        <!--<Emoticon File="emoji_12.png" ID="emoticon_emoji_12" Tag="[调皮]"/>-->
        <!--<Emoticon File="emoji_13.png" ID="emoticon_emoji_13" Tag="[呲牙]"/>-->
        <!--<Emoticon File="emoji_14.png" ID="emoticon_emoji_14" Tag="[惊讶]"/>-->
        <!--<Emoticon File="emoji_15.png" ID="emoticon_emoji_15" Tag="[难过]"/>-->
        <!--<Emoticon File="emoji_16.png" ID="emoticon_emoji_16" Tag="[酷]"/>-->
        <!--<Emoticon File="emoji_17.png" ID="emoticon_emoji_17" Tag="[冷汗]"/>-->
        <!--<Emoticon File="emoji_18.png" ID="emoticon_emoji_18" Tag="[抓狂]"/>-->
        <!--<Emoticon File="emoji_19.png" ID="emoticon_emoji_19" Tag="[吐]"/>-->
        <!--<Emoticon File="emoji_20.png" ID="emoticon_emoji_20" Tag="[偷笑]"/>-->

        <EmoticonBean>
            <eventType>2</eventType>
            <iconUri>emoji_11.png</iconUri>
            <content>发怒</content>
        </EmoticonBean>
        <EmoticonBean>
            <eventType>2</eventType>
            <iconUri>emoji_12.png</iconUri>
            <content>调皮</content>
        </EmoticonBean>
        <EmoticonBean>
            <eventType>2</eventType>
            <iconUri>emoji_13.png</iconUri>
            <content>呲牙</content>
        </EmoticonBean>
        <EmoticonBean>
            <eventType>2</eventType>
            <iconUri>emoji_14.png</iconUri>
            <content>惊讶</content>
        </EmoticonBean>
        <EmoticonBean>
            <eventType>2</eventType>
            <iconUri>emoji_15.png</iconUri>
            <content>难过</content>
        </EmoticonBean>
        <EmoticonBean>
            <eventType>2</eventType>
            <iconUri>emoji_16.png</iconUri>
            <content>酷</content>
        </EmoticonBean>
        <EmoticonBean>
            <eventType>2</eventType>
            <iconUri>emoji_17.png</iconUri>
            <content>冷汗</content>
        </EmoticonBean>
        <EmoticonBean>
            <eventType>2</eventType>
            <iconUri>emoji_18.png</iconUri>
            <content>抓狂</content>
        </EmoticonBean>
        <EmoticonBean>
            <eventType>2</eventType>
            <iconUri>emoji_19.png</iconUri>
            <content>吐</content>
        </EmoticonBean>
        <EmoticonBean>
            <eventType>2</eventType>
            <iconUri>emoji_20.png</iconUri>
            <content>偷笑</content>
        </EmoticonBean>

        <!--<Emoticon File="emoji_21.png" ID="emoticon_emoji_21" Tag="[愉快]"/>-->
        <!--<Emoticon File="emoji_22.png" ID="emoticon_emoji_22" Tag="[白眼]"/>-->
        <!--<Emoticon File="emoji_23.png" ID="emoticon_emoji_23" Tag="[傲慢]"/>-->
        <!--<Emoticon File="emoji_24.png" ID="emoticon_emoji_24" Tag="[饥饿]"/>-->
        <!--<Emoticon File="emoji_25.png" ID="emoticon_emoji_25" Tag="[困]"/>-->
        <!--<Emoticon File="emoji_26.png" ID="emoticon_emoji_26" Tag="[惊恐]"/>-->
        <!--<Emoticon File="emoji_27.png" ID="emoticon_emoji_27" Tag="[流汗]"/>-->
        <!--<Emoticon File="emoji_28.png" ID="emoticon_emoji_28" Tag="[憨笑]"/>-->
        <!--<Emoticon File="emoji_29.png" ID="emoticon_emoji_29" Tag="[悠闲]"/>-->
        <!--<Emoticon File="emoji_30.png" ID="emoticon_emoji_30" Tag="[奋斗]"/>-->

        <EmoticonBean>
            <eventType>2</eventType>
            <iconUri>emoji_21.png</iconUri>
            <content>愉快</content>
        </EmoticonBean>
        <EmoticonBean>
            <eventType>2</eventType>
            <iconUri>emoji_22.png</iconUri>
            <content>白眼</content>
        </EmoticonBean>
        <EmoticonBean>
            <eventType>2</eventType>
            <iconUri>emoji_23.png</iconUri>
            <content>傲慢</content>
        </EmoticonBean>
        <EmoticonBean>
            <eventType>2</eventType>
            <iconUri>emoji_24.png</iconUri>
            <content>饥饿</content>
        </EmoticonBean>
        <EmoticonBean>
            <eventType>2</eventType>
            <iconUri>emoji_25.png</iconUri>
            <content>困</content>
        </EmoticonBean>
        <EmoticonBean>
            <eventType>2</eventType>
            <iconUri>emoji_26.png</iconUri>
            <content>惊恐</content>
        </EmoticonBean>
        <EmoticonBean>
            <eventType>2</eventType>
            <iconUri>emoji_27.png</iconUri>
            <content>流汗</content>
        </EmoticonBean>
        <EmoticonBean>
            <eventType>2</eventType>
            <iconUri>emoji_28.png</iconUri>
            <content>憨笑</content>
        </EmoticonBean>
        <EmoticonBean>
            <eventType>2</eventType>
            <iconUri>emoji_29.png</iconUri>
            <content>悠闲</content>
        </EmoticonBean>
        <EmoticonBean>
            <eventType>2</eventType>
            <iconUri>emoji_30.png</iconUri>
            <content>奋斗</content>
        </EmoticonBean>

        <!--<Emoticon File="emoji_31.png" ID="emoticon_emoji_31" Tag="[咒骂]" />-->
        <!--<Emoticon File="emoji_32.png" ID="emoticon_emoji_32" Tag="[疑问]" />-->
        <!--<Emoticon File="emoji_33.png" ID="emoticon_emoji_33" Tag="[嘘]" />-->
        <!--<Emoticon File="emoji_34.png" ID="emoticon_emoji_34" Tag="[晕]" />-->
        <!--<Emoticon File="emoji_35.png" ID="emoticon_emoji_35" Tag="[疯了]" />-->
        <!--<Emoticon File="emoji_36.png" ID="emoticon_emoji_36" Tag="[衰]" />-->
        <!--<Emoticon File="emoji_37.png" ID="emoticon_emoji_37" Tag="[骷髅]" />-->
        <!--<Emoticon File="emoji_38.png" ID="emoticon_emoji_38" Tag="[敲打]" />-->
        <!--<Emoticon File="emoji_39.png" ID="emoticon_emoji_39" Tag="[再见]" />-->
        <!--<Emoticon File="emoji_40.png" ID="emoticon_emoji_40" Tag="[擦汗]" />-->

        <EmoticonBean>
            <eventType>2</eventType>
            <iconUri>emoji_31.png</iconUri>
            <content>咒骂</content>
        </EmoticonBean>
        <EmoticonBean>
            <eventType>2</eventType>
            <iconUri>emoji_32.png</iconUri>
            <content>疑问</content>
        </EmoticonBean>
        <EmoticonBean>
            <eventType>2</eventType>
            <iconUri>emoji_33.png</iconUri>
            <content>嘘</content>
        </EmoticonBean>
        <EmoticonBean>
            <eventType>2</eventType>
            <iconUri>emoji_34.png</iconUri>
            <content>晕</content>
        </EmoticonBean>
        <EmoticonBean>
            <eventType>2</eventType>
            <iconUri>emoji_35.png</iconUri>
            <content>疯了</content>
        </EmoticonBean>
        <EmoticonBean>
            <eventType>2</eventType>
            <iconUri>emoji_36.png</iconUri>
            <content>衰</content>
        </EmoticonBean>
        <EmoticonBean>
            <eventType>2</eventType>
            <iconUri>emoji_37.png</iconUri>
            <content>骷髅</content>
        </EmoticonBean>
        <EmoticonBean>
            <eventType>2</eventType>
            <iconUri>emoji_38.png</iconUri>
            <content>敲打</content>
        </EmoticonBean>
        <EmoticonBean>
            <eventType>2</eventType>
            <iconUri>emoji_39.png</iconUri>
            <content>再见</content>
        </EmoticonBean>
        <EmoticonBean>
            <eventType>2</eventType>
            <iconUri>emoji_40.png</iconUri>
            <content>擦汗</content>
        </EmoticonBean>

        <!--<Emoticon File="emoji_41.png" ID="emoticon_emoji_41" Tag="[抠鼻]" />-->
        <!--<Emoticon File="emoji_42.png" ID="emoticon_emoji_42" Tag="[鼓掌]" />-->
        <!--<Emoticon File="emoji_43.png" ID="emoticon_emoji_43" Tag="[糗大了]" />-->
        <!--<Emoticon File="emoji_44.png" ID="emoticon_emoji_44" Tag="[坏笑]" />-->
        <!--<Emoticon File="emoji_45.png" ID="emoticon_emoji_45" Tag="[左哼哼]" />-->
        <!--<Emoticon File="emoji_46.png" ID="emoticon_emoji_46" Tag="[右哼哼]" />-->
        <!--<Emoticon File="emoji_47.png" ID="emoticon_emoji_47" Tag="[哈欠]" />-->
        <!--<Emoticon File="emoji_48.png" ID="emoticon_emoji_48" Tag="[鄙视]" />-->
        <!--<Emoticon File="emoji_49.png" ID="emoticon_emoji_49" Tag="[委屈]" />-->
        <!--<Emoticon File="emoji_50.png" ID="emoticon_emoji_50" Tag="[快哭]" />-->

        <EmoticonBean>
            <eventType>2</eventType>
            <iconUri>emoji_41.png</iconUri>
            <content>抠鼻</content>
        </EmoticonBean>
        <EmoticonBean>
            <eventType>2</eventType>
            <iconUri>emoji_42.png</iconUri>
            <content>鼓掌</content>
        </EmoticonBean>
        <EmoticonBean>
            <eventType>2</eventType>
            <iconUri>emoji_43.png</iconUri>
            <content>糗大了</content>
        </EmoticonBean>
        <EmoticonBean>
            <eventType>2</eventType>
            <iconUri>emoji_44.png</iconUri>
            <content>坏笑</content>
        </EmoticonBean>
        <EmoticonBean>
            <eventType>2</eventType>
            <iconUri>emoji_45.png</iconUri>
            <content>左哼哼</content>
        </EmoticonBean>
        <EmoticonBean>
            <eventType>2</eventType>
            <iconUri>emoji_46.png</iconUri>
            <content>右哼哼</content>
        </EmoticonBean>
        <EmoticonBean>
            <eventType>2</eventType>
            <iconUri>emoji_47.png</iconUri>
            <content>哈欠</content>
        </EmoticonBean>
        <EmoticonBean>
            <eventType>2</eventType>
            <iconUri>emoji_48.png</iconUri>
            <content>鄙视</content>
        </EmoticonBean>
        <EmoticonBean>
            <eventType>2</eventType>
            <iconUri>emoji_49.png</iconUri>
            <content>委屈</content>
        </EmoticonBean>
        <EmoticonBean>
            <eventType>2</eventType>
            <iconUri>emoji_50.png</iconUri>
            <content>快哭</content>
        </EmoticonBean>

        <!--<Emoticon File="emoji_51.png" ID="emoticon_emoji_51" Tag="[阴险]" />-->
        <!--<Emoticon File="emoji_52.png" ID="emoticon_emoji_52" Tag="[亲亲]" />-->
        <!--<Emoticon File="emoji_53.png" ID="emoticon_emoji_53" Tag="[吓]" />-->
        <!--<Emoticon File="emoji_54.png" ID="emoticon_emoji_54" Tag="[可怜]" />-->
        <!--<Emoticon File="emoji_55.png" ID="emoticon_emoji_55" Tag="[菜刀]" />-->
        <!--<Emoticon File="emoji_56.png" ID="emoticon_emoji_56" Tag="[西瓜]" />-->
        <!--<Emoticon File="emoji_57.png" ID="emoticon_emoji_57" Tag="[啤酒]" />-->
        <!--<Emoticon File="emoji_58.png" ID="emoticon_emoji_58" Tag="[篮球]" />-->
        <!--<Emoticon File="emoji_59.png" ID="emoticon_emoji_59" Tag="[乒乓]" />-->
        <!--<Emoticon File="emoji_60.png" ID="emoticon_emoji_60" Tag="[咖啡]" />-->

        <EmoticonBean>
            <eventType>2</eventType>
            <iconUri>emoji_51.png</iconUri>
            <content>阴险</content>
        </EmoticonBean>
        <EmoticonBean>
            <eventType>2</eventType>
            <iconUri>emoji_52.png</iconUri>
            <content>亲亲</content>
        </EmoticonBean>
        <EmoticonBean>
            <eventType>2</eventType>
            <iconUri>emoji_53.png</iconUri>
            <content>吓</content>
        </EmoticonBean>
        <EmoticonBean>
            <eventType>2</eventType>
            <iconUri>emoji_54.png</iconUri>
            <content>可怜</content>
        </EmoticonBean>
        <EmoticonBean>
            <eventType>2</eventType>
            <iconUri>emoji_55.png</iconUri>
            <content>菜刀</content>
        </EmoticonBean>
        <EmoticonBean>
            <eventType>2</eventType>
            <iconUri>emoji_56.png</iconUri>
            <content>西瓜</content>
        </EmoticonBean>
        <EmoticonBean>
            <eventType>2</eventType>
            <iconUri>emoji_57.png</iconUri>
            <content>啤酒</content>
        </EmoticonBean>
        <EmoticonBean>
            <eventType>2</eventType>
            <iconUri>emoji_58.png</iconUri>
            <content>篮球</content>
        </EmoticonBean>
        <EmoticonBean>
            <eventType>2</eventType>
            <iconUri>emoji_59.png</iconUri>
            <content>乒乓</content>
        </EmoticonBean>
        <EmoticonBean>
            <eventType>2</eventType>
            <iconUri>emoji_60.png</iconUri>
            <content>咖啡</content>
        </EmoticonBean>

        <!--<Emoticon File="emoji_61.png" ID="emoticon_emoji_61" Tag="[饭]" />-->
        <!--<Emoticon File="emoji_62.png" ID="emoticon_emoji_62" Tag="[猪头]" />-->
        <!--<Emoticon File="emoji_63.png" ID="emoticon_emoji_63" Tag="[玫瑰]" />-->
        <!--<Emoticon File="emoji_64.png" ID="emoticon_emoji_64" Tag="[凋谢]" />-->
        <!--<Emoticon File="emoji_65.png" ID="emoticon_emoji_65" Tag="[嘴唇]" />-->
        <!--<Emoticon File="emoji_66.png" ID="emoticon_emoji_66" Tag="[爱心]" />-->
        <!--<Emoticon File="emoji_67.png" ID="emoticon_emoji_67" Tag="[心碎]" />-->
        <!--<Emoticon File="emoji_68.png" ID="emoticon_emoji_68" Tag="[蛋糕]" />-->
        <!--<Emoticon File="emoji_69.png" ID="emoticon_emoji_69" Tag="[闪电]" />-->
        <!--<Emoticon File="emoji_70.png" ID="emoticon_emoji_70" Tag="[炸弹]" />-->
        <EmoticonBean>
            <eventType>2</eventType>
            <iconUri>emoji_61.png</iconUri>
            <content>饭</content>
        </EmoticonBean>
        <EmoticonBean>
            <eventType>2</eventType>
            <iconUri>emoji_62.png</iconUri>
            <content>猪头</content>
        </EmoticonBean>
        <EmoticonBean>
            <eventType>2</eventType>
            <iconUri>emoji_63.png</iconUri>
            <content>玫瑰</content>
        </EmoticonBean>
        <EmoticonBean>
            <eventType>2</eventType>
            <iconUri>emoji_64.png</iconUri>
            <content>凋谢</content>
        </EmoticonBean>
        <EmoticonBean>
            <eventType>2</eventType>
            <iconUri>emoji_65.png</iconUri>
            <content>嘴唇</content>
        </EmoticonBean>
        <EmoticonBean>
            <eventType>2</eventType>
            <iconUri>emoji_66.png</iconUri>
            <content>爱心</content>
        </EmoticonBean>
        <EmoticonBean>
            <eventType>2</eventType>
            <iconUri>emoji_67.png</iconUri>
            <content>心碎</content>
        </EmoticonBean>
        <EmoticonBean>
            <eventType>2</eventType>
            <iconUri>emoji_68.png</iconUri>
            <content>蛋糕</content>
        </EmoticonBean>
        <EmoticonBean>
            <eventType>2</eventType>
            <iconUri>emoji_69.png</iconUri>
            <content>闪电</content>
        </EmoticonBean>
        <EmoticonBean>
            <eventType>2</eventType>
            <iconUri>emoji_70.png</iconUri>
            <content>炸弹</content>
        </EmoticonBean>

        <!--<Emoticon File="emoji_71.png" ID="emoticon_emoji_71" Tag="[刀]" />-->
        <!--<Emoticon File="emoji_72.png" ID="emoticon_emoji_72" Tag="[足球]" />-->
        <!--<Emoticon File="emoji_73.png" ID="emoticon_emoji_73" Tag="[瓢虫]" />-->
        <!--<Emoticon File="emoji_74.png" ID="emoticon_emoji_74" Tag="[便便]" />-->
        <!--<Emoticon File="emoji_75.png" ID="emoticon_emoji_75" Tag="[月亮]" />-->
        <!--<Emoticon File="emoji_76.png" ID="emoticon_emoji_76" Tag="[太阳]" />-->
        <!--<Emoticon File="emoji_77.png" ID="emoticon_emoji_77" Tag="[礼物]" />-->
        <!--<Emoticon File="emoji_78.png" ID="emoticon_emoji_78" Tag="[拥抱]" />-->
        <!--<Emoticon File="emoji_79.png" ID="emoticon_emoji_79" Tag="[强]" />-->
        <!--<Emoticon File="emoji_80.png" ID="emoticon_emoji_80" Tag="[弱]" />-->

        <EmoticonBean>
            <eventType>2</eventType>
            <iconUri>emoji_71.png</iconUri>
            <content>刀</content>
        </EmoticonBean>
        <EmoticonBean>
            <eventType>2</eventType>
            <iconUri>emoji_72.png</iconUri>
            <content>足球</content>
        </EmoticonBean>
        <EmoticonBean>
            <eventType>2</eventType>
            <iconUri>emoji_73.png</iconUri>
            <content>瓢虫</content>
        </EmoticonBean>
        <EmoticonBean>
            <eventType>2</eventType>
            <iconUri>emoji_74.png</iconUri>
            <content>便便</content>
        </EmoticonBean>
        <EmoticonBean>
            <eventType>2</eventType>
            <iconUri>emoji_75.png</iconUri>
            <content>月亮</content>
        </EmoticonBean>
        <EmoticonBean>
            <eventType>2</eventType>
            <iconUri>emoji_76.png</iconUri>
            <content>太阳</content>
        </EmoticonBean>
        <EmoticonBean>
            <eventType>2</eventType>
            <iconUri>emoji_77.png</iconUri>
            <content>礼物</content>
        </EmoticonBean>
        <EmoticonBean>
            <eventType>2</eventType>
            <iconUri>emoji_78.png</iconUri>
            <content>拥抱</content>
        </EmoticonBean>
        <EmoticonBean>
            <eventType>2</eventType>
            <iconUri>emoji_79.png</iconUri>
            <content>强</content>
        </EmoticonBean>
        <EmoticonBean>
            <eventType>2</eventType>
            <iconUri>emoji_80.png</iconUri>
            <content>弱</content>
        </EmoticonBean>
        <!--<Emoticon File="emoji_81.png" ID="emoticon_emoji_81" Tag="[握手]" />-->
        <!--<Emoticon File="emoji_82.png" ID="emoticon_emoji_82" Tag="[胜利]" />-->
        <!--<Emoticon File="emoji_83.png" ID="emoticon_emoji_83" Tag="[抱拳]" />-->
        <!--<Emoticon File="emoji_84.png" ID="emoticon_emoji_84" Tag="[勾引]" />-->
        <!--<Emoticon File="emoji_85.png" ID="emoticon_emoji_85" Tag="[拳头]" />-->
        <!--<Emoticon File="emoji_86.png" ID="emoticon_emoji_86" Tag="[差劲]" />-->
        <!--<Emoticon File="emoji_87.png" ID="emoticon_emoji_87" Tag="[爱你]" />-->
        <!--<Emoticon File="emoji_88.png" ID="emoticon_emoji_88" Tag="[NO]" />-->
        <!--<Emoticon File="emoji_89.png" ID="emoticon_emoji_89" Tag="[OK]" />-->
        <!--<Emoticon File="emoji_90.png" ID="emoticon_emoji_90" Tag="[爱情]" />-->
        <EmoticonBean>
            <eventType>2</eventType>
            <iconUri>emoji_81.png</iconUri>
            <content>握手</content>
        </EmoticonBean>
        <EmoticonBean>
            <eventType>2</eventType>
            <iconUri>emoji_82.png</iconUri>
            <content>胜利</content>
        </EmoticonBean>
        <EmoticonBean>
            <eventType>2</eventType>
            <iconUri>emoji_83.png</iconUri>
            <content>抱拳</content>
        </EmoticonBean>
        <EmoticonBean>
            <eventType>2</eventType>
            <iconUri>emoji_84.png</iconUri>
            <content>勾引</content>
        </EmoticonBean>
        <EmoticonBean>
            <eventType>2</eventType>
            <iconUri>emoji_85.png</iconUri>
            <content>拳头</content>
        </EmoticonBean>
        <EmoticonBean>
            <eventType>2</eventType>
            <iconUri>emoji_86.png</iconUri>
            <content>差劲</content>
        </EmoticonBean>
        <EmoticonBean>
            <eventType>2</eventType>
            <iconUri>emoji_87.png</iconUri>
            <content>爱你</content>
        </EmoticonBean>
        <EmoticonBean>
            <eventType>2</eventType>
            <iconUri>emoji_88.png</iconUri>
            <content>NO</content>
        </EmoticonBean>
        <EmoticonBean>
            <eventType>2</eventType>
            <iconUri>emoji_89.png</iconUri>
            <content>OK</content>
        </EmoticonBean>
        <EmoticonBean>
            <eventType>2</eventType>
            <iconUri>emoji_90.png</iconUri>
            <content>爱情</content>
        </EmoticonBean>

        <!--<Emoticon File="emoji_91.png" ID="emoticon_emoji_91" Tag="[飞吻]" />-->
        <!--<Emoticon File="emoji_92.png" ID="emoticon_emoji_92" Tag="[跳跳]" />-->
        <!--<Emoticon File="emoji_93.png" ID="emoticon_emoji_93" Tag="[发抖]" />-->
        <!--<Emoticon File="emoji_94.png" ID="emoticon_emoji_94" Tag="[怄火]" />-->
        <!--<Emoticon File="emoji_95.png" ID="emoticon_emoji_95" Tag="[转圈]" />-->
        <!--<Emoticon File="emoji_96.png" ID="emoticon_emoji_96" Tag="[磕头]" />-->
        <!--<Emoticon File="emoji_97.png" ID="emoticon_emoji_97" Tag="[回头]" />-->
        <!--<Emoticon File="emoji_98.png" ID="emoticon_emoji_98" Tag="[跳绳]" />-->
        <!--<Emoticon File="emoji_99.png" ID="emoticon_emoji_99" Tag="[投降]" />-->
        <!--<Emoticon File="emoji_100.png" ID="emoticon_emoji_100" Tag="[激动]" />-->

        <EmoticonBean>
            <eventType>2</eventType>
            <iconUri>emoji_91.png</iconUri>
            <content>飞吻</content>
        </EmoticonBean>
        <EmoticonBean>
            <eventType>2</eventType>
            <iconUri>emoji_92.png</iconUri>
            <content>跳跳</content>
        </EmoticonBean>
        <EmoticonBean>
            <eventType>2</eventType>
            <iconUri>emoji_93.png</iconUri>
            <content>发抖</content>
        </EmoticonBean>
        <EmoticonBean>
            <eventType>2</eventType>
            <iconUri>emoji_94.png</iconUri>
            <content>怄火</content>
        </EmoticonBean>
        <EmoticonBean>
            <eventType>2</eventType>
            <iconUri>emoji_95.png</iconUri>
            <content>转圈</content>
        </EmoticonBean>
        <EmoticonBean>
            <eventType>2</eventType>
            <iconUri>emoji_96.png</iconUri>
            <content>磕头</content>
        </EmoticonBean>
        <EmoticonBean>
            <eventType>2</eventType>
            <iconUri>emoji_97.png</iconUri>
            <content>回头</content>
        </EmoticonBean>
        <EmoticonBean>
            <eventType>2</eventType>
            <iconUri>emoji_98.png</iconUri>
            <content>跳绳</content>
        </EmoticonBean>
        <EmoticonBean>
            <eventType>2</eventType>
            <iconUri>emoji_99.png</iconUri>
            <content>投降</content>
        </EmoticonBean>
        <EmoticonBean>
            <eventType>2</eventType>
            <iconUri>emoji_100.png</iconUri>
            <content>激动</content>
        </EmoticonBean>

        <!--<Emoticon File="emoji_101.png" ID="emoticon_emoji_101" Tag="[乱舞]" />-->
        <!--<Emoticon File="emoji_102.png" ID="emoticon_emoji_102" Tag="[献吻]" />-->
        <!--<Emoticon File="emoji_103.png" ID="emoticon_emoji_103" Tag="[左太极]" />-->
        <!--<Emoticon File="emoji_104.png" ID="emoticon_emoji_104" Tag="[右太极]" />-->

        <EmoticonBean>
            <eventType>2</eventType>
            <iconUri>emoji_101.png</iconUri>
            <content>乱舞</content>
        </EmoticonBean>
        <EmoticonBean>
            <eventType>2</eventType>
            <iconUri>emoji_102.png</iconUri>
            <content>献吻</content>
        </EmoticonBean>
        <EmoticonBean>
            <eventType>2</eventType>
            <iconUri>emoji_103.png</iconUri>
            <content>左太极</content>
        </EmoticonBean>
        <EmoticonBean>
            <eventType>2</eventType>
            <iconUri>emoji_104.png</iconUri>
            <content>右太极</content>
        </EmoticonBean>

    </EmoticonBeans>
</EmoticonSet>

