<?xml version="1.0" standalone="yes"?>
<EmoticonSet>
    <name>big_bear</name>
    <line>2</line>
    <row>4</row>
    <iconUri>xxy001.png</iconUri>
    <isShowDelBtn>0</isShowDelBtn>

    <EmoticonBeans>

        <EmoticonBean>
            <eventType>2</eventType>
            <iconUri>xxy001.png</iconUri>
            <content></content>
        </EmoticonBean>
        <EmoticonBean>
            <eventType>2</eventType>
            <iconUri>xxy002.png</iconUri>
            <content></content>
        </EmoticonBean>
        <EmoticonBean>
            <eventType>2</eventType>
            <iconUri>xxy003.png</iconUri>
            <content></content>
        </EmoticonBean>
        <EmoticonBean>
            <eventType>2</eventType>
            <iconUri>xxy004.png</iconUri>
            <content></content>
    </EmoticonBean>
        <EmoticonBean>
            <eventType>2</eventType>
            <iconUri>xxy005.png</iconUri>
            <content></content>
        </EmoticonBean>
        <EmoticonBean>
            <eventType>2</eventType>
            <iconUri>xxy006.png</iconUri>
            <content></content>
        </EmoticonBean>
        <EmoticonBean>
            <eventType>2</eventType>
            <iconUri>xxy007.png</iconUri>
            <content></content>
        </EmoticonBean>
        <EmoticonBean>
            <eventType>2</eventType>
            <iconUri>xxy008.png</iconUri>
            <content></content>
        </EmoticonBean>
        <EmoticonBean>
            <eventType>2</eventType>
            <iconUri>xxy009.png</iconUri>
            <content></content>
        </EmoticonBean>
        <EmoticonBean>
            <eventType>2</eventType>
            <iconUri>xxy010.png</iconUri>
            <content></content>
        </EmoticonBean>

        <EmoticonBean>
            <eventType>2</eventType>
            <iconUri>xxy011.png</iconUri>
            <content></content>
        </EmoticonBean>
        <EmoticonBean>
            <eventType>2</eventType>
            <iconUri>xxy012.png</iconUri>
            <content></content>
        </EmoticonBean>
        <EmoticonBean>
            <eventType>2</eventType>
            <iconUri>xxy013.png</iconUri>
            <content></content>
        </EmoticonBean>
        <EmoticonBean>
            <eventType>2</eventType>
            <iconUri>xxy014.png</iconUri>
            <content></content>
        </EmoticonBean>
        <EmoticonBean>
            <eventType>2</eventType>
            <iconUri>xxy015.png</iconUri>
            <content></content>
        </EmoticonBean>
        <EmoticonBean>
            <eventType>2</eventType>
            <iconUri>xxy016.png</iconUri>
            <content></content>
        </EmoticonBean>
        <EmoticonBean>
            <eventType>2</eventType>
            <iconUri>xxy017.png</iconUri>
            <content></content>
        </EmoticonBean>
        <EmoticonBean>
            <eventType>2</eventType>
            <iconUri>xxy018.png</iconUri>
            <content></content>
        </EmoticonBean>
        <EmoticonBean>
            <eventType>2</eventType>
            <iconUri>xxy019.png</iconUri>
            <content></content>
        </EmoticonBean>
        <EmoticonBean>
            <eventType>2</eventType>
            <iconUri>xxy020.png</iconUri>
            <content></content>
        </EmoticonBean>


        <EmoticonBean>
            <eventType>2</eventType>
            <iconUri>xxy021.png</iconUri>
            <content></content>
        </EmoticonBean>
        <EmoticonBean>
            <eventType>2</eventType>
            <iconUri>xxy022.png</iconUri>
            <content></content>
        </EmoticonBean>
        <EmoticonBean>
            <eventType>2</eventType>
            <iconUri>xxy023.png</iconUri>
            <content></content>
        </EmoticonBean>
        <EmoticonBean>
            <eventType>2</eventType>
            <iconUri>xxy024.png</iconUri>
            <content></content>
        </EmoticonBean>
        <EmoticonBean>
            <eventType>2</eventType>
            <iconUri>xxy025.png</iconUri>
            <content></content>
        </EmoticonBean>
        <EmoticonBean>
            <eventType>2</eventType>
            <iconUri>xxy026.png</iconUri>
            <content></content>
        </EmoticonBean>
        <EmoticonBean>
            <eventType>2</eventType>
            <iconUri>xxy027.png</iconUri>
            <content></content>
        </EmoticonBean>
        <EmoticonBean>
            <eventType>2</eventType>
            <iconUri>xxy028.png</iconUri>
            <content></content>
        </EmoticonBean>
        <EmoticonBean>
            <eventType>2</eventType>
            <iconUri>xxy029.png</iconUri>
            <content></content>
        </EmoticonBean>
        <EmoticonBean>
            <eventType>2</eventType>
            <iconUri>xxy030.png</iconUri>
            <content></content>
        </EmoticonBean>
        <EmoticonBean>
            <eventType>2</eventType>
           <iconUri>xxy031.png</iconUri>
            <content></content>
        </EmoticonBean>

        <EmoticonBean>
            <eventType>2</eventType>
            <iconUri>xxy032.png</iconUri>
            <content></content>
        </EmoticonBean>
        <EmoticonBean>
            <eventType>2</eventType>
            <iconUri>xxy033.png</iconUri>
            <content></content>
        </EmoticonBean>
        <EmoticonBean>
            <eventType>2</eventType>
            <iconUri>xxy034.png</iconUri>
            <content></content>
        </EmoticonBean>
        <EmoticonBean>
            <eventType>2</eventType>
            <iconUri>xxy035.png</iconUri>
            <content></content>
        </EmoticonBean>
        <EmoticonBean>
            <eventType>2</eventType>
            <iconUri>xxy036.png</iconUri>
            <content></content>
        </EmoticonBean>
        <EmoticonBean>
            <eventType>2</eventType>
            <iconUri>xxy037.png</iconUri>
            <content></content>
        </EmoticonBean>
        <EmoticonBean>
            <eventType>2</eventType>
            <iconUri>xxy038.png</iconUri>
            <content></content>
        </EmoticonBean>
        <EmoticonBean>
            <eventType>2</eventType>
            <iconUri>xxy039.png</iconUri>
            <content></content>
        </EmoticonBean>
        <EmoticonBean>
            <eventType>2</eventType>
            <iconUri>xxy040.png</iconUri>
            <content></content>
        </EmoticonBean>


    </EmoticonBeans>
</EmoticonSet>
